date,temperature
2026-01-01,36.45
2026-01-02,36.52
2026-01-03,36.38
2026-01-04,36.41
2026-01-05,36.55
2026-01-06,36.43
2026-01-07,
2026-01-08,36.39
2026-01-09,36.48
2026-01-10,36.30
2026-01-11,36.35
2026-01-12,36.44
2026-01-13,36.40
2026-01-14,36.47
2026-01-15,36.60
2026-01-16,36.68
2026-01-17,36.72
2026-01-18,36.65
2026-01-19,36.78
2026-01-20,36.70
2026-01-21,36.74
2026-01-22,36.81
2026-01-23,36.76
2026-01-24,36.83
2026-01-25,36.79
2026-01-26,36.88
2026-01-27,36.82
2026-01-28,36.90
2026-01-29,36.85
2026-01-30,36.92
2026-01-31,36.88
2026-02-01,36.95
2026-02-02,36.91
2026-02-03,36.87
2026-02-04,36.93
